promo_code,usage_count,total_discount,usage_count_percentage
AZ2022,89227,445006678.0,10.465503611382834
BUYMORE,66834,333426334.0,7.8390113795505885
WEEKENDSERU,61941,309608480.0,7.265107637740417
XX2022,44744,223136452.0,5.248058251288439
LIBURDONG,20965,104616266.0,2.459001011046445
WEEKENDMANTAP,20448,102022431.0,2.39836168251265
SC2022,11271,112214773.0,1.3219842783450741
STARTUP,11105,111007221.0,1.3025140103825792
